{
    "config": {
        "id": "STAGE_4_zero_shot_transfer",
        "language": "zero_shot_transfer",
        "use_qcnn": true,
        "qcnn_depth": 2,
        "projection": true,
        "epochs": 5,
        "batch_size": 256,
        "max_rows": 100000,
        "class_weights": [
            1.000520270540681,
            1.001091189396442,
            0.9983925879334272
        ]
    },
    "metrics_summary": {
        "accuracy": {
            "mean": 0.41009773100273444,
            "std": 0.1720209684611611
        },
        "precision": {
            "mean": 0.41042392419242923,
            "std": 0.16524913019722803
        },
        "recall": {
            "mean": 0.41009773100273444,
            "std": 0.1720209684611611
        },
        "f1-score": {
            "mean": 0.4017032541800773,
            "std": 0.17711453783378245
        },
        "roc_auc": {
            "mean": 0.572553140002184,
            "std": 0.20245631404952424
        },
        "ece": {
            "mean": 0.10730672660258612,
            "std": 0.047527999306050006
        },
        "brier_score": {
            "mean": 0.6128290591196014,
            "std": 0.04404873903134154
        },
        "per_language_breakdown": {
            "maithili": {
                "accuracy": 0.5363636363636364,
                "f1_macro": 0.5268735739060347,
                "confusion_matrix": [
                    [
                        3448,
                        1243,
                        744
                    ],
                    [
                        2103,
                        1750,
                        1535
                    ],
                    [
                        882,
                        990,
                        3475
                    ]
                ]
            },
            "bhojpuri": {
                "accuracy": 0.5267355827255077,
                "f1_macro": 0.5162043152887926,
                "confusion_matrix": [
                    [
                        3803,
                        1457,
                        1090
                    ],
                    [
                        2310,
                        1998,
                        2128
                    ],
                    [
                        941,
                        1093,
                        4237
                    ]
                ]
            }
        },
        "holdout_langs": [
            "bhojpuri",
            "maithili"
        ]
    },
    "training_time": 1466.439548254013,
    "history": [
        1.0323986669479333,
        0.9191621556657875,
        0.8959341257663783,
        0.8797344527221078,
        0.8735521421056663
    ],
    "stage": "STAGE 4: GENERALIZATION"
}
