{
    "hybrid_accuracy": 0.5929333333333333,
    "baseline_accuracy": 0.5985999999999999,
    "quantum_gain_accuracy": -0.005666666666666598,
    "hybrid_f1": 0,
    "baseline_f1": 0
}
