{
    "loss": [
        1.115658124287923,
        1.077962835629781
    ],
    "val_loss": [
        1.014887809753418,
        1.026332139968872
    ],
    "grad_norm_clf": [
        0.2825363904109369,
        0.16931388318596294
    ],
    "grad_norm_emb": [
        0.5881374473145771,
        0.5177897603932766
    ],
    "pred_dist": [
        [
            8,
            20,
            52
        ],
        [
            10,
            45,
            25
        ]
    ]
}
