{
    "loss": [
        1.1252580483754475,
        1.0940732558568318
    ],
    "val_loss": [
        1.1683367490768433,
        1.0841869115829468
    ],
    "grad_norm_clf": [
        0.23401022858870704,
        0.17806979042802112
    ],
    "grad_norm_emb": [
        1.6557273809748227,
        1.6966847249080788
    ],
    "pred_dist": [
        [
            21,
            23,
            36
        ],
        [
            22,
            12,
            46
        ]
    ]
}
