{
    "loss": [
        0.992788415402174,
        0.9050458241254091,
        0.8809312339872122,
        0.8586193826049566,
        0.8460112437605858,
        0.8364988770335913,
        0.8279109355062246,
        0.8207472749054432,
        0.8137985393404961,
        0.8136165253818035
    ],
    "val_loss": [
        0.9420197606086731,
        0.91239994764328,
        0.9009437561035156,
        0.8962223529815674,
        0.8902051448822021,
        0.8895814418792725,
        0.8892041444778442,
        0.8942586183547974,
        0.8929944038391113,
        0.8963279128074646
    ],
    "grad_norm_clf": [
        0.0,
        0.0,
        0.0,
        0.0,
        0.0,
        0.0,
        0.0,
        0.0,
        0.0,
        0.0
    ],
    "grad_norm_emb": [
        1.4592824598799068,
        1.6568886831209535,
        1.6532017829177632,
        1.6917847406384072,
        1.7761548328531989,
        1.8127578643705728,
        1.8831832154026136,
        1.9566233833389826,
        2.0061033241897452,
        2.073217914662057
    ],
    "pred_dist": [
        [
            3027,
            1668,
            3305
        ],
        [
            2932,
            2310,
            2758
        ],
        [
            2897,
            2479,
            2624
        ],
        [
            2871,
            2498,
            2631
        ],
        [
            2853,
            2440,
            2707
        ],
        [
            2865,
            2530,
            2605
        ],
        [
            2827,
            2633,
            2540
        ],
        [
            2817,
            2613,
            2570
        ],
        [
            2837,
            2603,
            2560
        ],
        [
            2804,
            2643,
            2553
        ]
    ]
}
