{
    "loss": [
        0.5453778684139252,
        0.43221319019794463,
        0.2752448558807373,
        0.25728931128978727,
        0.18077679947018624,
        0.126506245136261,
        0.10809403620660304
    ],
    "val_loss": [
        0.46508246660232544,
        0.3933930993080139,
        0.4738084375858307,
        0.6464795470237732,
        0.7614336609840393,
        1.1141165494918823,
        1.336663007736206
    ],
    "grad_norm_clf": [
        3.1535622874683287,
        null,
        3.146296175697966,
        3.1424069564507815,
        null,
        3.1427671208858423,
        3.1429842575916815
    ],
    "grad_norm_emb": [
        0.23461659417789904,
        null,
        0.31752277714598415,
        0.353946801098054,
        null,
        0.3507348806426313,
        0.3487839363422535
    ],
    "pred_dist": [
        [
            31,
            34,
            15
        ],
        [
            29,
            22,
            29
        ],
        [
            28,
            14,
            38
        ],
        [
            27,
            24,
            29
        ],
        [
            25,
            20,
            35
        ],
        [
            21,
            32,
            27
        ],
        [
            21,
            32,
            27
        ]
    ]
}
