{
    "loss": [
        0.7123878359794616,
        1.0783018708229064,
        0.27452375888824465,
        0.173764269053936,
        0.1706107050180435,
        0.12572043240070344,
        0.0942371055483818,
        0.07199506983160972,
        0.09825313836336136,
        0.07389819845557213,
        0.1085586279630661,
        0.06550466045737266,
        0.0577423021197319,
        0.0625134214758873,
        0.04519918113946915,
        0.07666766345500946,
        0.058707603812217714,
        0.05961607173085213,
        0.04744514524936676,
        0.054169599711894986
    ],
    "val_loss": [
        1.350966453552246,
        0.5336782336235046,
        0.44427165389060974,
        0.4461580216884613,
        0.46703919768333435,
        0.5109168887138367,
        0.5361952781677246,
        0.5624527335166931,
        0.5918125510215759,
        0.6188063025474548,
        0.6377660632133484,
        0.6570749282836914,
        0.6806289553642273,
        0.6974534392356873,
        0.7140687704086304,
        0.7263042330741882,
        0.7313866019248962,
        0.7348712086677551,
        0.7362497448921204,
        0.7341141700744629
    ],
    "grad_norm_clf": [
        0.0,
        0.0,
        0.0,
        0.0,
        0.0,
        0.0,
        0.0,
        0.0,
        0.0,
        0.0,
        0.0,
        0.0,
        0.0,
        0.0,
        0.0,
        0.0,
        0.0,
        0.0,
        0.0,
        0.0
    ],
    "grad_norm_emb": [
        0.0,
        0.0,
        0.0,
        0.0,
        0.0,
        0.0,
        0.0,
        0.0,
        0.0,
        0.0,
        0.0,
        0.0,
        0.0,
        0.0,
        0.0,
        0.0,
        0.0,
        0.0,
        0.0,
        0.0
    ],
    "pred_dist": [
        [
            3,
            2,
            3
        ],
        [
            0,
            8,
            0
        ],
        [
            1,
            4,
            3
        ],
        [
            3,
            4,
            1
        ],
        [
            0,
            6,
            2
        ],
        [
            2,
            1,
            5
        ],
        [
            1,
            4,
            3
        ],
        [
            2,
            2,
            4
        ],
        [
            2,
            3,
            3
        ],
        [
            0,
            7,
            1
        ],
        [
            3,
            3,
            2
        ],
        [
            1,
            4,
            3
        ],
        [
            1,
            5,
            2
        ],
        [
            2,
            3,
            3
        ],
        [
            1,
            4,
            3
        ],
        [
            0,
            6,
            2
        ],
        [
            2,
            4,
            2
        ],
        [
            1,
            2,
            5
        ],
        [
            2,
            2,
            4
        ],
        [
            3,
            4,
            1
        ]
    ],
    "final_loss": 0.054169599711894986
}