{
    "loss": [
        0.584118185708156,
        0.6142085160200412,
        0.5922655314207077,
        0.5681958903486912,
        0.4928568211885599,
        0.4702647735293095,
        0.444119278054971,
        0.44055237277196,
        0.41587875611506975,
        0.3866947224506965,
        0.37712913235792744,
        0.3420681801552956,
        0.4697450746137362,
        0.39109157025814056,
        0.4423653374497707,
        0.32237559356368506,
        0.36012276634573936,
        0.3387889847732507,
        0.33305150657319105,
        0.3243426511494013
    ],
    "val_loss": [
        1.152111291885376,
        1.0691970586776733,
        0.8493492007255554,
        0.7105401754379272,
        0.8916444182395935,
        0.7418376207351685,
        0.9159178137779236,
        0.845132052898407,
        0.9024469256401062,
        0.8915102481842041,
        0.9013460278511047,
        1.4431520700454712,
        1.1326006650924683,
        1.4006398916244507,
        1.0838607549667358,
        1.26259183883667,
        1.1629431247711182,
        1.2155424356460571,
        1.241468071937561,
        0.9775474071502686
    ],
    "grad_norm_clf": [
        0.0,
        0.0,
        0.0,
        0.0,
        0.0,
        0.0,
        0.0,
        0.0,
        0.0,
        0.0,
        0.0,
        0.0,
        0.0,
        0.0,
        0.0,
        0.0,
        0.0,
        0.0,
        0.0,
        0.0
    ],
    "grad_norm_emb": [
        0.0,
        0.0,
        0.0,
        0.0,
        0.0,
        0.0,
        0.0,
        0.0,
        0.0,
        0.0,
        0.0,
        0.0,
        0.0,
        0.0,
        0.0,
        0.0,
        0.0,
        0.0,
        0.0,
        0.0
    ],
    "pred_dist": [
        [
            8,
            12,
            12
        ],
        [
            10,
            11,
            11
        ],
        [
            13,
            16,
            3
        ],
        [
            8,
            16,
            8
        ],
        [
            11,
            15,
            6
        ],
        [
            9,
            16,
            7
        ],
        [
            13,
            12,
            7
        ],
        [
            7,
            11,
            14
        ],
        [
            7,
            15,
            10
        ],
        [
            7,
            10,
            15
        ],
        [
            6,
            13,
            13
        ],
        [
            10,
            11,
            11
        ],
        [
            12,
            10,
            10
        ],
        [
            7,
            12,
            13
        ],
        [
            13,
            8,
            11
        ],
        [
            9,
            9,
            14
        ],
        [
            9,
            17,
            6
        ],
        [
            7,
            14,
            11
        ],
        [
            8,
            9,
            15
        ],
        [
            7,
            18,
            7
        ]
    ],
    "final_loss": 0.3243426511494013
}