{
    "loss": [
        0.5885522129635016,
        0.6859813258051872,
        0.5049696049342552,
        0.6671623128155867,
        0.45284240941206616,
        0.5105576359977325,
        0.47098189281920594,
        0.45770434973140556,
        0.42948230045537156,
        0.4455954860895872,
        0.3901449417074521,
        0.3828051472082734,
        0.4128968995064497,
        0.42040086599687737,
        0.40224842571963865,
        0.4190112284074227,
        0.4343110316743453,
        0.3614858953903119,
        0.31176395683238906,
        0.39784732554107904
    ],
    "val_loss": [
        1.3219985961914062,
        0.7298688888549805,
        1.3566150665283203,
        0.6492775678634644,
        0.9201507568359375,
        0.8674249649047852,
        0.8530228137969971,
        0.923399806022644,
        0.9975772500038147,
        0.8442764282226562,
        0.9497230052947998,
        1.0988185405731201,
        1.1462591886520386,
        1.153191328048706,
        1.2980990409851074,
        1.334446668624878,
        1.1447765827178955,
        0.9434120655059814,
        1.2320666313171387,
        0.9733690619468689
    ],
    "grad_norm_clf": [
        0.0,
        0.0,
        0.0,
        0.0,
        0.0,
        0.0,
        0.0,
        0.0,
        0.0,
        0.0,
        0.0,
        0.0,
        0.0,
        0.0,
        0.0,
        0.0,
        0.0,
        0.0,
        0.0,
        0.0
    ],
    "grad_norm_emb": [
        0.0,
        0.0,
        0.0,
        0.0,
        0.0,
        0.0,
        0.0,
        0.0,
        0.0,
        0.0,
        0.0,
        0.0,
        0.0,
        0.0,
        0.0,
        0.0,
        0.0,
        0.0,
        0.0,
        0.0
    ],
    "pred_dist": [
        [
            13,
            10,
            9
        ],
        [
            14,
            7,
            11
        ],
        [
            9,
            8,
            15
        ],
        [
            6,
            18,
            8
        ],
        [
            6,
            11,
            15
        ],
        [
            7,
            16,
            9
        ],
        [
            11,
            12,
            9
        ],
        [
            11,
            10,
            11
        ],
        [
            11,
            12,
            9
        ],
        [
            9,
            7,
            16
        ],
        [
            8,
            16,
            8
        ],
        [
            12,
            7,
            13
        ],
        [
            11,
            11,
            10
        ],
        [
            10,
            10,
            12
        ],
        [
            13,
            10,
            9
        ],
        [
            11,
            9,
            12
        ],
        [
            11,
            9,
            12
        ],
        [
            10,
            8,
            14
        ],
        [
            11,
            16,
            5
        ],
        [
            10,
            14,
            8
        ]
    ],
    "final_loss": 0.39784732554107904
}