{
    "loss": [
        1.1101800203323364,
        1.0329835812250774
    ],
    "val_loss": [
        1.0344105958938599,
        1.0543725490570068
    ],
    "grad_norm_clf": [
        1.7192550455892257,
        1.7220091712541727
    ],
    "grad_norm_emb": [
        0.21013862965874994,
        0.1862261426917737
    ],
    "pred_dist": [
        [
            28,
            23,
            29
        ],
        [
            30,
            26,
            24
        ]
    ]
}
