{
    "loss": [
        0.5455910148827926,
        0.6814590776744096,
        0.7110614329576492,
        0.5947740505570951,
        0.648608003621516,
        0.6488954684008723,
        0.4401760852855185,
        0.40130050026852154,
        0.36551654468411987,
        0.45212861960348877,
        0.43639273326034134,
        0.3326874757590501,
        0.3335922075354535,
        0.2720122583534407,
        0.32379824344230734,
        0.2735864186416502,
        0.30757989021747006,
        0.3044684940706129,
        0.34978855757609656,
        0.21718049211346585
    ],
    "val_loss": [
        1.8324546813964844,
        1.5733447074890137,
        1.286800742149353,
        1.3405029773712158,
        1.5202066898345947,
        0.775642454624176,
        0.8911042213439941,
        0.7647940516471863,
        1.1739357709884644,
        1.0138938426971436,
        0.855604887008667,
        0.7858315110206604,
        0.7476626634597778,
        0.8910813331604004,
        0.833289384841919,
        0.8514539003372192,
        0.9696977138519287,
        1.0690189599990845,
        0.698167622089386,
        0.6061208844184875
    ],
    "grad_norm_clf": [
        0.0,
        0.0,
        0.0,
        0.0,
        0.0,
        0.0,
        0.0,
        0.0,
        0.0,
        0.0,
        0.0,
        0.0,
        0.0,
        0.0,
        0.0,
        0.0,
        0.0,
        0.0,
        0.0,
        0.0
    ],
    "grad_norm_emb": [
        0.0,
        0.0,
        0.0,
        0.0,
        0.0,
        0.0,
        0.0,
        0.0,
        0.0,
        0.0,
        0.0,
        0.0,
        0.0,
        0.0,
        0.0,
        0.0,
        0.0,
        0.0,
        0.0,
        0.0
    ],
    "pred_dist": [
        [
            12,
            12,
            8
        ],
        [
            12,
            9,
            11
        ],
        [
            21,
            5,
            6
        ],
        [
            15,
            12,
            5
        ],
        [
            10,
            14,
            8
        ],
        [
            13,
            9,
            10
        ],
        [
            15,
            9,
            8
        ],
        [
            12,
            12,
            8
        ],
        [
            16,
            8,
            8
        ],
        [
            17,
            6,
            9
        ],
        [
            7,
            14,
            11
        ],
        [
            9,
            6,
            17
        ],
        [
            17,
            8,
            7
        ],
        [
            13,
            7,
            12
        ],
        [
            8,
            12,
            12
        ],
        [
            17,
            8,
            7
        ],
        [
            13,
            10,
            9
        ],
        [
            12,
            10,
            10
        ],
        [
            9,
            14,
            9
        ],
        [
            7,
            15,
            10
        ]
    ],
    "final_loss": 0.21718049211346585
}