{
    "loss": [
        0.04375376609655527,
        0.04574120044708252,
        0.036555780814244196,
        0.09555548887986404,
        0.042516694619105413,
        0.0555690206014193,
        0.02449273833861718,
        0.06435648294595572,
        0.03896838885087233,
        0.06428147279299222,
        0.011216294306975145,
        0.1084743279677171,
        0.03223218367649959,
        0.020588734975227944,
        0.008299845915574294
    ],
    "val_loss": [
        1.1087673902511597,
        0.4931168258190155,
        0.999938428401947,
        0.5463403463363647,
        0.8922250270843506,
        0.617461085319519,
        0.9005832672119141,
        0.642666757106781,
        0.917690098285675,
        0.6852983832359314,
        0.9677852988243103,
        0.7003143429756165,
        1.099494218826294,
        0.6839579343795776,
        0.6675999164581299
    ],
    "grad_norm_clf": [
        0.9960329521349048,
        0.9911720165492182,
        0.9966724593574676,
        null,
        0.990082479671398,
        0.9832196750083736,
        0.9959005718279308,
        0.9891318718025635,
        0.9949529887602001,
        null,
        0.9978984045538791,
        0.9890114958777809,
        0.9953943730203249,
        0.9926300731564658,
        0.9928614860034864
    ],
    "grad_norm_emb": [
        0.0889843145036347,
        0.13258258889806762,
        0.08151043063212779,
        null,
        0.14048710632680414,
        0.18242529084663814,
        0.0904549074909563,
        0.1470308573400536,
        0.10034261698297962,
        null,
        0.06479785159667842,
        0.14783803362696446,
        0.09586495662821774,
        0.12118342103720538,
        0.11927291207805368
    ],
    "pred_dist": [
        [
            8,
            5,
            3
        ],
        [
            0,
            15,
            1
        ],
        [
            10,
            0,
            6
        ],
        [
            0,
            16,
            0
        ],
        [
            8,
            0,
            8
        ],
        [
            0,
            15,
            1
        ],
        [
            10,
            0,
            6
        ],
        [
            0,
            16,
            0
        ],
        [
            9,
            0,
            7
        ],
        [
            0,
            15,
            1
        ],
        [
            6,
            2,
            8
        ],
        [
            1,
            15,
            0
        ],
        [
            9,
            1,
            6
        ],
        [
            2,
            11,
            3
        ],
        [
            9,
            1,
            6
        ]
    ],
    "final_loss": 0.008299845915574294
}
