{
    "loss": [
        1.0001921691000462,
        0.9146304912865162,
        0.887022452428937,
        0.8652427047491074,
        0.8549232166260481,
        0.8461417406797409,
        0.8308826014399529,
        0.8232102897018194,
        0.8181341011077166
    ],
    "val_loss": [
        0.9451414942741394,
        0.9091252088546753,
        0.9052751064300537,
        0.8991090655326843,
        0.8925215005874634,
        0.8835209012031555,
        0.8899123668670654,
        0.8850929141044617,
        0.8843701481819153
    ],
    "grad_norm_clf": [
        0.0,
        0.0,
        0.0,
        0.0,
        0.0,
        0.0,
        0.0,
        0.0,
        0.0
    ],
    "grad_norm_emb": [
        1.413446728776714,
        1.4749888982660357,
        1.6438814296397126,
        1.6799423279261574,
        1.7524275788931016,
        1.8815675387461606,
        1.9147388957381843,
        1.9144477734776688,
        1.9864499843525711
    ],
    "pred_dist": [
        [
            3200,
            1583,
            3217
        ],
        [
            3107,
            2261,
            2632
        ],
        [
            2870,
            2522,
            2608
        ],
        [
            2890,
            2539,
            2571
        ],
        [
            2841,
            2559,
            2600
        ],
        [
            2884,
            2532,
            2584
        ],
        [
            2891,
            2579,
            2530
        ],
        [
            2889,
            2563,
            2548
        ],
        [
            2874,
            2567,
            2559
        ]
    ]
}
