{
    "loss": [
        0.6358483987195152,
        1.1773416996002197,
        0.2775530857699258,
        0.19532728088753565,
        0.18849622777530126,
        0.10216862921203886,
        0.09332064752067838,
        0.07635700276919774,
        0.0549766080720084,
        0.07256905628102166,
        0.04682095295616558,
        0.050626839378050396,
        0.04767073531235967,
        0.03768375941685268,
        0.054393156564661434,
        0.03847709989973477,
        0.031513916860733716,
        0.03321608927633081,
        0.031982000917196274,
        0.04285352464233126,
        0.03441212432725089,
        0.028580124356916974,
        0.03203237349433558,
        0.03241774093891893,
        0.02645710882331644,
        0.030831844678946903,
        0.029901366946952685,
        0.027345180777566775,
        0.027882708502667292,
        0.024756474420428276,
        0.03133623834167208,
        0.02967459655233792,
        0.025644296780228615,
        0.027163911078657423,
        0.0255787657307727,
        0.035140528476664,
        0.024651711008378437,
        0.02653766662946769,
        0.028264370347772325,
        0.026609161868691444,
        0.026211497773017203,
        0.026084803843072484,
        0.02858669896210943,
        0.025944635538118228,
        0.024920795911124775,
        0.029091629864914075,
        0.029234677819269046,
        0.02568055795771735,
        0.0265286032642637,
        0.03197689247982843
    ],
    "val_loss": [
        1.4019731283187866,
        0.24974128603935242,
        0.1396729201078415,
        0.1610811948776245,
        0.09507602453231812,
        0.077262744307518,
        0.0615076869726181,
        0.05192120000720024,
        0.048136647790670395,
        0.039097242057323456,
        0.034292325377464294,
        0.033552683889865875,
        0.03373056650161743,
        0.03321830928325653,
        0.02890446037054062,
        0.027335073798894882,
        0.0276922769844532,
        0.028663305565714836,
        0.03700036555528641,
        0.02934233844280243,
        0.025290178135037422,
        0.026176564395427704,
        0.027592815458774567,
        0.02519499510526657,
        0.024683494120836258,
        0.02444886602461338,
        0.024308308959007263,
        0.024238519370555878,
        0.024131666868925095,
        0.024004487320780754,
        0.023872198536992073,
        0.0237412229180336,
        0.023661207407712936,
        0.02361420728266239,
        0.02357381209731102,
        0.023483216762542725,
        0.02341916598379612,
        0.023367004469037056,
        0.02330293320119381,
        0.02325783111155033,
        0.02321486920118332,
        0.02317272126674652,
        0.023142391815781593,
        0.02312391996383667,
        0.02310604602098465,
        0.023091744631528854,
        0.023078545928001404,
        0.023072976619005203,
        0.023066004738211632,
        0.02306390181183815
    ],
    "grad_norm_clf": [
        0.0,
        0.0,
        0.0,
        0.0,
        0.0,
        0.0,
        0.0,
        0.0,
        0.0,
        0.0,
        0.0,
        0.0,
        0.0,
        0.0,
        0.0,
        0.0,
        0.0,
        0.0,
        0.0,
        0.0,
        0.0,
        0.0,
        0.0,
        0.0,
        0.0,
        0.0,
        0.0,
        0.0,
        0.0,
        0.0,
        0.0,
        0.0,
        0.0,
        0.0,
        0.0,
        0.0,
        0.0,
        0.0,
        0.0,
        0.0,
        0.0,
        0.0,
        0.0,
        0.0,
        0.0,
        0.0,
        0.0,
        0.0,
        0.0,
        0.0
    ],
    "grad_norm_emb": [
        0.0,
        0.0,
        0.0,
        0.0,
        0.0,
        0.0,
        0.0,
        0.0,
        0.0,
        0.0,
        0.0,
        0.0,
        0.0,
        0.0,
        0.0,
        0.0,
        0.0,
        0.0,
        0.0,
        0.0,
        0.0,
        0.0,
        0.0,
        0.0,
        0.0,
        0.0,
        0.0,
        0.0,
        0.0,
        0.0,
        0.0,
        0.0,
        0.0,
        0.0,
        0.0,
        0.0,
        0.0,
        0.0,
        0.0,
        0.0,
        0.0,
        0.0,
        0.0,
        0.0,
        0.0,
        0.0,
        0.0,
        0.0,
        0.0,
        0.0
    ],
    "pred_dist": [
        [
            5,
            1,
            2
        ],
        [
            0,
            8,
            0
        ],
        [
            5,
            1,
            2
        ],
        [
            2,
            4,
            2
        ],
        [
            1,
            5,
            2
        ],
        [
            1,
            5,
            2
        ],
        [
            2,
            3,
            3
        ],
        [
            0,
            2,
            6
        ],
        [
            0,
            3,
            5
        ],
        [
            3,
            3,
            2
        ],
        [
            1,
            4,
            3
        ],
        [
            1,
            4,
            3
        ],
        [
            2,
            4,
            2
        ],
        [
            1,
            6,
            1
        ],
        [
            2,
            2,
            4
        ],
        [
            2,
            3,
            3
        ],
        [
            2,
            4,
            2
        ],
        [
            4,
            1,
            3
        ],
        [
            0,
            4,
            4
        ],
        [
            0,
            7,
            1
        ],
        [
            3,
            2,
            3
        ],
        [
            1,
            3,
            4
        ],
        [
            2,
            6,
            0
        ],
        [
            2,
            5,
            1
        ],
        [
            1,
            5,
            2
        ],
        [
            2,
            1,
            5
        ],
        [
            3,
            3,
            2
        ],
        [
            4,
            4,
            0
        ],
        [
            3,
            3,
            2
        ],
        [
            0,
            7,
            1
        ],
        [
            3,
            4,
            1
        ],
        [
            2,
            4,
            2
        ],
        [
            1,
            4,
            3
        ],
        [
            1,
            5,
            2
        ],
        [
            2,
            4,
            2
        ],
        [
            2,
            3,
            3
        ],
        [
            1,
            6,
            1
        ],
        [
            2,
            5,
            1
        ],
        [
            1,
            2,
            5
        ],
        [
            1,
            4,
            3
        ],
        [
            2,
            3,
            3
        ],
        [
            1,
            3,
            4
        ],
        [
            1,
            2,
            5
        ],
        [
            2,
            3,
            3
        ],
        [
            2,
            2,
            4
        ],
        [
            2,
            3,
            3
        ],
        [
            1,
            5,
            2
        ],
        [
            1,
            3,
            4
        ],
        [
            1,
            6,
            1
        ],
        [
            2,
            4,
            2
        ]
    ],
    "final_loss": 0.03197689247982843
}