{
    "loss": [
        1.1206831534703572,
        1.0611284573872883
    ],
    "val_loss": [
        1.0674539804458618,
        1.0769574642181396
    ],
    "grad_norm_clf": [
        1.7302629532842397,
        1.4358507787118715
    ],
    "grad_norm_emb": [
        0.07865101875962283,
        0.0859002742914096
    ],
    "pred_dist": [
        [
            28,
            11,
            41
        ],
        [
            19,
            12,
            49
        ]
    ]
}
