{
    "loss": [
        1.0122608002275229,
        0.9259064737707376,
        0.8972523007541895,
        0.873597864061594,
        0.866095831617713,
        0.8575233686715364,
        0.8445032797753811,
        0.8391338344663382,
        0.8277620933949947
    ],
    "val_loss": [
        0.9307013750076294,
        0.9076305627822876,
        0.8872779607772827,
        0.8827235102653503,
        0.8863620758056641,
        0.8807845711708069,
        0.8850613832473755,
        0.8813343644142151,
        0.8831590414047241
    ],
    "grad_norm_clf": [
        0.0,
        0.0,
        0.0,
        0.0,
        0.0,
        0.0,
        0.0,
        0.0,
        0.0
    ],
    "grad_norm_emb": [
        1.4264357555077927,
        1.6591175803422982,
        1.650769035452021,
        1.539319416192142,
        1.6626176297118287,
        1.7418828757670592,
        1.7627588562488785,
        1.8439879113147333,
        1.7423604487541837
    ],
    "pred_dist": [
        [
            2464,
            2571,
            2965
        ],
        [
            2792,
            2506,
            2702
        ],
        [
            2755,
            2631,
            2614
        ],
        [
            2736,
            2635,
            2629
        ],
        [
            2655,
            2777,
            2568
        ],
        [
            2662,
            2741,
            2597
        ],
        [
            2720,
            2689,
            2591
        ],
        [
            2707,
            2685,
            2608
        ],
        [
            2796,
            2600,
            2604
        ]
    ]
}
