{
    "loss": [
        0.037762392025727495,
        0.03847650381234976,
        0.034311725543095514,
        0.03916339690868671,
        0.03550678262343773,
        0.03730708131423363,
        0.03022229900726905
    ],
    "val_loss": [
        0.5187922716140747,
        0.514778733253479,
        0.5172057151794434,
        0.5173595547676086,
        0.5185540914535522,
        0.5199865102767944,
        0.5211196541786194
    ],
    "grad_norm_clf": [
        0.9967778297430598,
        0.9973340946117554,
        0.9978310089713393,
        0.9951707050283575,
        0.9984951024936607,
        0.9981436668709339,
        0.996312594760734
    ],
    "grad_norm_emb": [
        0.08021231150812966,
        0.07297059744258817,
        0.06582656003515085,
        0.09816046727021754,
        0.05484049644455402,
        0.060900961405877266,
        0.08579839699452303
    ],
    "pred_dist": [
        [
            19,
            5,
            8
        ],
        [
            14,
            4,
            14
        ],
        [
            13,
            6,
            13
        ],
        [
            14,
            7,
            11
        ],
        [
            14,
            5,
            13
        ],
        [
            15,
            10,
            7
        ],
        [
            12,
            11,
            9
        ]
    ],
    "final_loss": 0.03022229900726905
}
