{
    "loss": [
        0.5119406580924988,
        0.3786942660808563,
        0.28512545426686603,
        0.2116097460190455,
        0.15572720766067505,
        0.10188597440719604
    ],
    "val_loss": [
        0.46187105774879456,
        0.4733153283596039,
        0.4869351387023926,
        0.4893864691257477,
        0.5429656505584717,
        0.684898853302002
    ],
    "grad_norm_clf": [
        1.7320507684761204,
        1.7320508692234868,
        1.7320507634966678,
        1.7320508262547825,
        1.7320508660471732,
        1.7320507938836045
    ],
    "grad_norm_emb": [
        0.0,
        0.0,
        0.0,
        0.0,
        0.0,
        0.0
    ],
    "pred_dist": [
        [
            33,
            22,
            25
        ],
        [
            33,
            14,
            33
        ],
        [
            30,
            20,
            30
        ],
        [
            30,
            22,
            28
        ],
        [
            28,
            24,
            28
        ],
        [
            27,
            26,
            27
        ]
    ]
}
