{
  "epoch": 6,
  "loss": 1.1021101236343385,
  "metrics": {
    "accuracy": 0.36,
    "precision": 0.3368268036944508,
    "recall": 0.36,
    "f1-score": 0.34286329355761863,
    "macro_precision": 0.31707358619123327,
    "macro_recall": 0.3214797472333322,
    "macro_f1": 0.31406900343973637,
    "roc_auc": 0.5025517868436686,
    "per_class_recall": {
      "negative": 0.15294117647058825,
      "neutral": 0.5522388059701493,
      "positive": 0.25925925925925924
    },
    "prediction_distribution": {
      "negative": 0.18666666666666668,
      "neutral": 0.5666666666666667,
      "positive": 0.24666666666666667
    },
    "collapsed_classes": [],
    "collapse_detected": false
  }
}