{
  "epoch": 5,
  "loss": 1.1023825645446776,
  "metrics": {
    "accuracy": 0.36,
    "precision": 0.3367393893790793,
    "recall": 0.36,
    "f1-score": 0.34262539591943153,
    "macro_precision": 0.3175208760104218,
    "macro_recall": 0.3214797472333322,
    "macro_f1": 0.31412344582906143,
    "roc_auc": 0.5023687529133205,
    "per_class_recall": {
      "negative": 0.15294117647058825,
      "neutral": 0.5522388059701493,
      "positive": 0.25925925925925924
    },
    "prediction_distribution": {
      "negative": 0.18666666666666668,
      "neutral": 0.57,
      "positive": 0.24333333333333335
    },
    "collapsed_classes": [],
    "collapse_detected": false
  }
}