{
  "epoch": 2,
  "loss": 1.1146453857421874,
  "metrics": {
    "accuracy": 0.3433333333333333,
    "precision": 0.33527183564188734,
    "recall": 0.3433333333333333,
    "f1-score": 0.33828050320452696,
    "macro_precision": 0.3179274922820534,
    "macro_recall": 0.31966095448682513,
    "macro_f1": 0.31777296810966044,
    "roc_auc": 0.5003670248584868,
    "per_class_recall": {
      "negative": 0.2,
      "neutral": 0.4626865671641791,
      "positive": 0.2962962962962963
    },
    "prediction_distribution": {
      "negative": 0.23333333333333334,
      "neutral": 0.49,
      "positive": 0.27666666666666667
    },
    "collapsed_classes": [],
    "collapse_detected": false
  }
}