{
  "epoch": 4,
  "loss": 1.103104257583618,
  "metrics": {
    "accuracy": 0.3566666666666667,
    "precision": 0.33409503748627545,
    "recall": 0.3566666666666667,
    "f1-score": 0.34003184176831325,
    "macro_precision": 0.3150510576737304,
    "macro_recall": 0.31899218504427757,
    "macro_f1": 0.31202967405710175,
    "roc_auc": 0.5018639399906092,
    "per_class_recall": {
      "negative": 0.15294117647058825,
      "neutral": 0.5447761194029851,
      "positive": 0.25925925925925924
    },
    "prediction_distribution": {
      "negative": 0.19,
      "neutral": 0.5666666666666667,
      "positive": 0.24333333333333335
    },
    "collapsed_classes": [],
    "collapse_detected": false
  }
}