{
    "EXP_A": {
        "accuracy": 0.43333333333333335,
        "accuracy_std": 0.08339997335464537,
        "f1": 0.4325090068940127,
        "metrics": {
            "accuracy": 0.55,
            "precision": 0.5496244752372077,
            "recall": 0.55,
            "f1": 0.5496957455514083,
            "f1_macro": 0.5510310879531051,
            "roc_auc": 0.737417857007047,
            "ece": 0.09953144495729027,
            "brier_score": 0.5806697045917097,
            "per_language": {
                "multilingual": {
                    "accuracy": 0.8333333333333334,
                    "f1": 0.8777777777777778,
                    "confusion_matrix": [
                        [
                            1,
                            0,
                            0
                        ],
                        [
                            0,
                            4,
                            0
                        ],
                        [
                            0,
                            2,
                            5
                        ]
                    ]
                },
                "bhojpuri": {
                    "accuracy": 0.47540983606557374,
                    "f1": 0.47301587301587306,
                    "confusion_matrix": [
                        [
                            13,
                            7,
                            2
                        ],
                        [
                            5,
                            6,
                            10
                        ],
                        [
                            2,
                            6,
                            10
                        ]
                    ]
                },
                "hindi": {
                    "accuracy": 0.5555555555555556,
                    "f1": 0.5709990051667148,
                    "confusion_matrix": [
                        [
                            19,
                            10,
                            2
                        ],
                        [
                            17,
                            14,
                            2
                        ],
                        [
                            1,
                            8,
                            17
                        ]
                    ]
                },
                "english": {
                    "accuracy": 0.5822784810126582,
                    "f1": 0.5826198492865159,
                    "confusion_matrix": [
                        [
                            14,
                            3,
                            11
                        ],
                        [
                            1,
                            19,
                            8
                        ],
                        [
                            6,
                            4,
                            13
                        ]
                    ]
                },
                "maithili": {
                    "accuracy": 0.5172413793103449,
                    "f1": 0.5177870177870177,
                    "confusion_matrix": [
                        [
                            10,
                            4,
                            2
                        ],
                        [
                            7,
                            10,
                            3
                        ],
                        [
                            6,
                            6,
                            10
                        ]
                    ]
                }
            }
        }
    },
    "EXP_B": {
        "accuracy": 0.43333333333333335,
        "accuracy_std": 0.08339997335464537,
        "f1": 0.4325090068940127,
        "metrics": {
            "accuracy": 0.55,
            "precision": 0.5496244752372077,
            "recall": 0.55,
            "f1": 0.5496957455514083,
            "f1_macro": 0.5510310879531051,
            "roc_auc": 0.737417857007047,
            "ece": 0.09953144495729027,
            "brier_score": 0.5806697045917097,
            "per_language": {
                "multilingual": {
                    "accuracy": 0.8333333333333334,
                    "f1": 0.8777777777777778,
                    "confusion_matrix": [
                        [
                            1,
                            0,
                            0
                        ],
                        [
                            0,
                            4,
                            0
                        ],
                        [
                            0,
                            2,
                            5
                        ]
                    ]
                },
                "bhojpuri": {
                    "accuracy": 0.47540983606557374,
                    "f1": 0.47301587301587306,
                    "confusion_matrix": [
                        [
                            13,
                            7,
                            2
                        ],
                        [
                            5,
                            6,
                            10
                        ],
                        [
                            2,
                            6,
                            10
                        ]
                    ]
                },
                "hindi": {
                    "accuracy": 0.5555555555555556,
                    "f1": 0.5709990051667148,
                    "confusion_matrix": [
                        [
                            19,
                            10,
                            2
                        ],
                        [
                            17,
                            14,
                            2
                        ],
                        [
                            1,
                            8,
                            17
                        ]
                    ]
                },
                "english": {
                    "accuracy": 0.5822784810126582,
                    "f1": 0.5826198492865159,
                    "confusion_matrix": [
                        [
                            14,
                            3,
                            11
                        ],
                        [
                            1,
                            19,
                            8
                        ],
                        [
                            6,
                            4,
                            13
                        ]
                    ]
                },
                "maithili": {
                    "accuracy": 0.5172413793103449,
                    "f1": 0.5177870177870177,
                    "confusion_matrix": [
                        [
                            10,
                            4,
                            2
                        ],
                        [
                            7,
                            10,
                            3
                        ],
                        [
                            6,
                            6,
                            10
                        ]
                    ]
                }
            }
        }
    },
    "EXP_C": {
        "accuracy": 0.43333333333333335,
        "accuracy_std": 0.08339997335464537,
        "f1": 0.4325090068940127,
        "metrics": {
            "accuracy": 0.55,
            "precision": 0.5496244752372077,
            "recall": 0.55,
            "f1": 0.5496957455514083,
            "f1_macro": 0.5510310879531051,
            "roc_auc": 0.737417857007047,
            "ece": 0.09953144495729027,