Model,Accuracy,F1_Macro,ECE,Params
Classical_Baseline,0.48,0.4753903743315508,0.21372027693371384,0
