Model,Accuracy,F1_Macro,ECE,Params
Classical_Baseline,0.544,0.5438637494881883,0.07054776688959165,0
