Model,Accuracy,F1_Macro,ECE,Params
Classical_Baseline,0.6,0.47222222222222215,0.3164282971127319,0
