Model,Accuracy,F1_Macro,ECE,Params
Classical_Baseline,0.5822,0.5814499631171764,0.02062452653184983,0
