{
    "accuracy": 0.794,
    "precision": 0.801119168529874,
    "recall": 0.794,
    "f1-score": 0.7945081572867696,
    "roc_auc": 0.9301256530590581,
    "ece": 0.02303645208477971,
    "brier_score": 0.287822768507402,
    "per_language": {
        "english": {
            "accuracy": 0.794,
            "f1_macro": 0.7945599426792059,
            "confusion_matrix": [
                [
                    1232,
                    87,
                    351
                ],
                [
                    31,
                    1452,
                    179
                ],
                [
                    130,
                    252,
                    1286
                ]
            ]
        }
    }
}